Title,Summary,Publication Date,Source,Category,URL,Predicted Category
Stamp duty change expected to spark homebuying rush,"Nationwide predicts a fifth of first time buyers will pay the tax going forward, affecting activity.","Fri, 01 Nov 2024 12:17:37 GMT",BBC,Business,https://www.bbc.com/news/articles/cq52z84v0gyo,Business News
Investors' reaction to Budget 'very different' to Truss ,Treasury secretary speaks out to reassure the markets after a rise in the cost of government borrowing.,"Fri, 01 Nov 2024 17:37:57 GMT",BBC,Business,https://www.bbc.com/news/articles/cx2n0eeep90o,Business News
Rachel Reeves doesn’t mind if you don't like her Budget,The Budget is about the long game on the economy and Reeves believes the current  pain is a price worth paying.,"Thu, 31 Oct 2024 18:08:55 GMT",BBC,Business,https://www.bbc.com/news/articles/c39nvkl47k9o,Business News
US jobs growth slows sharply as election looms,"Employers added 12,000 jobs in October, much lower than the 223,000 created in September, figures show.","Fri, 01 Nov 2024 14:03:30 GMT",BBC,Business,https://www.bbc.com/news/articles/c5yr0g4gpjro,Business News
Value for Money tsar linked to string of overspends,"David Goldstone has previously worked as an executive on the Olympics, Parliament's restoration and HS2.","Fri, 01 Nov 2024 12:52:19 GMT",BBC,Business,https://www.bbc.com/news/articles/c1lgpejq85po,Business News
The house paints that promise much more than colour,"Paints now promise to make your house cooler, warmer, or simply peel off.","Fri, 01 Nov 2024 00:02:29 GMT",BBC,Business,https://www.bbc.com/news/articles/ce817156p34o,Tech News
Six ways the Budget will affect you if you're under 25,"Among the policies announced by the chancellor, some will have a direct impact on younger people.","Thu, 31 Oct 2024 15:29:34 GMT",BBC,Business,https://www.bbc.com/news/articles/cy4nm3zdlvpo,Business News
Boeing raises pay offer in bid to end seven-week strike,"The union representing more than 30,000 striking workers endorsed the offer and will hold a ballot on Monday.","Fri, 01 Nov 2024 08:48:35 GMT",BBC,Business,https://www.bbc.com/news/articles/c8rlk5dxyzno,Tech News
Child benefit reform plans scrapped,"A planned move to a system where claims are based on household income, rather than an individual's, will not go ahead.","Thu, 31 Oct 2024 17:15:53 GMT",BBC,Business,https://www.bbc.com/news/articles/c75lz022503o,Tech News
Workers warned Budget tax rises will hit their wages,Economists say tax rises in the Budget will mean employers have less to give as pay rises.,"Thu, 31 Oct 2024 16:37:49 GMT",BBC,Business,https://www.bbc.com/news/articles/cgj72wxw8jxo,Business News
How Japan's youngest CEO transformed Hello Kitty,"As the cute character celebrates her 50th anniversary, the firm behind it is now a trillion yen business.","Thu, 31 Oct 2024 23:05:16 GMT",BBC,Business,https://www.bbc.com/news/articles/c72pr8y2r9wo,Business News
'This catastrophic Budget will push up the price of a pint',"Hiking the amount employers pay in National Insurance, coupled with other cost rises, has sparked fury from businesses.","Thu, 31 Oct 2024 12:32:12 GMT",BBC,Business,https://www.bbc.com/news/articles/c5ypv0vlyrmo,Business News
"'We earn £100,000 together. We are not worse off after the Budget'",People tell the BBC how much they earn and what they made of the Budget.,"Thu, 31 Oct 2024 10:16:51 GMT",BBC,Business,https://www.bbc.com/news/articles/cwyv8y68e25o,Tech News
Warning 'pain' of tax hikes to hit jobs and pay rises,"The chancellor says businesses will ""contribute more"" as she raises employer National Insurance to 15%.","Wed, 30 Oct 2024 17:53:29 GMT",BBC,Business,https://www.bbc.com/news/articles/c4g7x6p865zo,Business News
Row over 'black hole' in public finances continues,The parties' disagreement about the state of the public finances continues post-Budget.,"Thu, 31 Oct 2024 12:57:58 GMT",BBC,Business,https://www.bbc.com/news/articles/c9qljw7915yo,Business News
How the Budget will affect you and your money,"The chancellor has delivered a packed Budget, so here's how it affects you and your money.","Wed, 30 Oct 2024 16:28:49 GMT",BBC,Business,https://www.bbc.com/news/articles/cx25w7qpr0yo,Business News
Where is the growth in Reeves' 'Budget for growth'?,"Labour's first Budget in 14 years had a lot to say about growth, but forecasts paint a mixed picture.","Wed, 30 Oct 2024 17:37:05 GMT",BBC,Business,https://www.bbc.com/news/articles/cqj0vy1gr9yo,Business News
Russia fines Google more money than there is in entire world,The mind-boggling figure has been levied due to the company restricting Russian state media on YouTube.,"Thu, 31 Oct 2024 12:24:25 GMT",BBC,Business,https://www.bbc.com/news/articles/cdxvnwkl5kgo,Business News
Will mortgage rates fall? Your Budget questions answered,Chancellor Rachel Reeves has announced a raft of changes to taxes and spending in the Budget.,"Wed, 30 Oct 2024 19:48:23 GMT",BBC,Business,https://www.bbc.com/news/articles/c89v71xj7gzo,Business News
Budget 2024: Key points at a glance,Chancellor Rachel Reeves has delivered Labour’s first Budget since 2010 – here’s what you need to know.,"Wed, 30 Oct 2024 17:45:14 GMT",BBC,Business,https://www.bbc.com/news/articles/cdxl1zd07l1o,Business News
China's BYD overtakes Tesla revenue for first time,The electric vehicle giant saw its revenues jump 24% as government subsidies boost China's car industry.,"Thu, 31 Oct 2024 04:21:38 GMT",BBC,Business,https://www.bbc.com/news/articles/c4gm9j11mvdo,Tech News
How are the inheritance tax rules changing?,Inheritance tax is again creating political debate so how does it work and who pays?,"Wed, 30 Oct 2024 14:13:20 GMT",BBC,Business,https://www.bbc.co.uk/news/business-36014533,Business News
Rail fares set to rise in England next year ,"Regulated rail fares in England are set to rise by 4.6%, while most rail cards will rise by £5.","Wed, 30 Oct 2024 18:43:39 GMT",BBC,Business,https://www.bbc.com/news/articles/c62j7q452jro,Business News
Row over 'black hole' in public finances continues,The parties' disagreement about the state of the public finances continues post-Budget.,"Thu, 31 Oct 2024 12:57:58 GMT",BBC,Business,https://www.bbc.com/news/articles/c9qljw7915yo,Business News
Budget boost to UK economy forecast to fade after two years,The government's official forecaster raises its prediction for UK growth in 2024 and 2025 but reduces it for later years.,"Wed, 30 Oct 2024 17:25:06 GMT",BBC,Business,https://www.bbc.com/news/articles/c5yge6knpzdo,Business News
Minimum wage to rise to £12.21 an hour next year,The National Living Wage will rise by 77p from £11.44 per hour for workers over the age of 21.,"Wed, 30 Oct 2024 09:30:53 GMT",BBC,Business,https://www.bbc.com/news/articles/c5y37wqnvwxo,Business News
What is NI and how much do workers and employers pay?,The government has announced an increase in the amount of National Insurance (NI) paid by employers.,"Wed, 30 Oct 2024 13:25:40 GMT",BBC,Business,https://www.bbc.co.uk/news/explainers-63635185,Business News
Why Canada wants more overseas tourists to visit,Canada has launched a tourist drive but will tensions with China doom it to fail?,"Thu, 31 Oct 2024 00:01:41 GMT",BBC,Business,https://www.bbc.com/news/articles/cp396g01g6xo,Tech News
Can AI make life easier for people with dementia?,AI projects are underway to help ease the challenges of dementia.,"Tue, 29 Oct 2024 00:08:16 GMT",BBC,Business,https://www.bbc.com/news/articles/cqxj700pxpdo,Business News
Teashop 'forced to close' by VAT rules,"Small businesses say they deliberately avoid earning too much, to stop becoming liable for the sales tax and losing money.","Tue, 29 Oct 2024 06:09:54 GMT",BBC,Business,https://www.bbc.com/news/articles/clyv2eryp6vo,Business News
World's most indebted oil firm is headache for new Mexico leader,"Claudia Sheinbaum inherits a buoyant manufacturing sector, but also a troubled state-owned oil firm.","Mon, 28 Oct 2024 00:35:53 GMT",BBC,Business,https://www.bbc.com/news/articles/c2dpd8l4n69o,Business News
Will AI make work burnout worse?,"As more AI tools are rolled out, some argue they are contributing to employee burnout.","Tue, 22 Oct 2024 23:09:53 GMT",BBC,Business,https://www.bbc.com/news/articles/c93pz1dz2kxo,Tech News
Nerves frayed in Canada and Mexico over US trade relations,"As Americans prepare to vote in the presidential election, Canadians and Mexicans mull the likely impact.","Mon, 21 Oct 2024 23:02:56 GMT",BBC,Business,https://www.bbc.com/news/articles/c62gppprr6wo,Business News
Holiday in Greenland? New airports aim to entice tourists,The Arctic territory hopes that three new airports will pave the way for direct flights from the US and Europe.,"Sun, 20 Oct 2024 23:27:58 GMT",BBC,Business,https://www.bbc.com/news/articles/cy4dz7l181wo,Sports News
MrBeast: Law firm finds grooming claims against co-host baseless,The YouTuber hired the firm to look into claims that a co-host had sent inappropriate messages to a minor.,"Sat, 02 Nov 2024 02:07:23 GMT",BBC,Technology,https://www.bbc.com/news/articles/czxrn5k22p4o,Tech News
"Snapchat most-used app for grooming, says NSPCC","The children's charity says the police data shows people are ""still waiting"" for social media to be made safe,","Fri, 01 Nov 2024 01:00:12 GMT",BBC,Technology,https://www.bbc.com/news/articles/cze3p1j710ko,Tech News
Russia fines Google more money than there is in entire world,The mind-boggling figure has been levied due to the company restricting Russian state media on YouTube.,"Thu, 31 Oct 2024 12:24:25 GMT",BBC,Technology,https://www.bbc.com/news/articles/cdxvnwkl5kgo,Business News
'Sickening' Molly Russell chatbots found on Character.ai,"The foundation set up in her memory said it would cause ""further heartache to everyone who knew and loved Molly"".","Wed, 30 Oct 2024 15:35:51 GMT",BBC,Technology,https://www.bbc.com/news/articles/cg57yd0jr0go,Entertainment News
China's BYD overtakes Tesla revenue for first time,The electric vehicle giant saw its revenues jump 24% as government subsidies boost China's car industry.,"Thu, 31 Oct 2024 04:21:38 GMT",BBC,Technology,https://www.bbc.com/news/articles/c4gm9j11mvdo,Tech News
How X users can earn thousands from US election misinformation and AI images,The accounts are part of pro-Trump and pro-Harris networks sharing each other’s content multiple times a day.,"Tue, 29 Oct 2024 23:42:50 GMT",BBC,Technology,https://www.bbc.com/news/articles/cx2dpj485nno,Tech News
TikTok founder becomes China's richest man,"Zhang Yiming's fortune has leapt to almost $50bn, according to a newly published rich list.","Tue, 29 Oct 2024 10:53:39 GMT",BBC,Technology,https://www.bbc.com/news/articles/c8dmql101dno,Tech News
Apple's AI features roll out on iPhones - but not for all,The new features include notification summaries and tools to assist users in writing messages.,"Tue, 29 Oct 2024 09:29:07 GMT",BBC,Technology,https://www.bbc.com/news/articles/cwy9xj301wmo,Tech News
'I can't run a business like this': Why the WordPress row matters,"WordPress's tools are used by 40% of the world's websites, making this a spat with big consequences.","Fri, 25 Oct 2024 21:55:34 GMT",BBC,Technology,https://www.bbc.com/news/articles/cm2y7eyp3zpo,Tech News
Instagram lowering quality of less viewed videos 'alarming' creators,The revelation has sparked concern among some creators it may impact their reach on the platform.,"Tue, 29 Oct 2024 11:57:42 GMT",BBC,Technology,https://www.bbc.com/news/articles/cp8xnm7z71go,Tech News
Call of Duty: Black Ops 6 launches with eyes on Game Pass,"It is available straight away to subscribers of Microsoft’s Game Pass service, a first for a game this big.","Fri, 25 Oct 2024 11:02:43 GMT",BBC,Technology,https://www.bbc.com/news/articles/cp87e58ld3do,Tech News
Microsoft boss gets 63% pay rise despite asking for reduction,Satya Nadella asked for a reduction because of cyber attacks the firm suffered - but still saw his earnings increase massively.,"Fri, 25 Oct 2024 16:49:56 GMT",BBC,Technology,https://www.bbc.com/news/articles/cwy1lkp71n2o,Tech News
Facebook and Instagram launch celebrity scam ad crackdown,Celebrities including Elon Musk and Martin Lewis repeatedly feature in ads for products they have not endorsed.,"Tue, 22 Oct 2024 11:03:44 GMT",BBC,Technology,https://www.bbc.com/news/articles/cg565mrdz7zo,Tech News
Blade Runner 2049 maker sues Musk over robotaxi images,Alcon Entertainment says it denied a request to use material from the film at the Tesla cybercab event.,"Tue, 22 Oct 2024 04:07:54 GMT",BBC,Technology,https://www.bbc.com/news/articles/ce3z37dpvl9o,Tech News
TikTok owner sacks intern for sabotaging AI project,Chinese technology giant ByteDance denied reports that the incident caused more than $10m of damage.,"Mon, 21 Oct 2024 04:34:15 GMT",BBC,Technology,https://www.bbc.com/news/articles/c7v62gg49zro,Tech News
US probing Elon Musk's Tesla over self-driving systems,The National Highway Traffic Safety Administration's evaluation is the first step toward a potential recall of 2.4 million Tesla vehicles,"Fri, 18 Oct 2024 23:27:33 GMT",BBC,Technology,https://www.bbc.com/news/articles/cwyvql6g9xxo,Tech News
Trump says Apple boss called him to complain about EU,The EU ordered Apple to pay Ireland billions in unpaid taxes in September.,"Fri, 18 Oct 2024 15:01:59 GMT",BBC,Technology,https://www.bbc.com/news/articles/cj4d75zl212o,Tech News
How does WhatsApp make money? It's free - with some tricks,"We all use messaging apps such as WhatsApp for free, but what's in it for them?","Wed, 16 Oct 2024 23:10:20 GMT",BBC,Technology,https://www.bbc.com/news/articles/c8j7nrppny2o,Tech News
Social media faces big changes under new Ofcom rules,Ofcom warns social media companies could face fines if they don’t comply with the new Online Safety Bill,"Thu, 17 Oct 2024 05:00:49 GMT",BBC,Technology,https://www.bbc.com/news/articles/cj0467e9e43o,Tech News
US 'click to cancel' rule to ban subscription traps,New rule requires businesses to make subscribing and cancelling subscriptions equally simple.,"Thu, 17 Oct 2024 03:34:56 GMT",BBC,Technology,https://www.bbc.com/news/articles/c07nlvmyl05o,Tech News
Instagram defends new teen safety features after criticism,Law enforcement have reported a rise in sextortion scams targeting teens across online platforms.,"Fri, 18 Oct 2024 11:20:32 GMT",BBC,Technology,https://www.bbc.com/news/articles/cdd4vn6p601o,Tech News
Netflix raises prices as password boost fades,The streaming giant will charge subscribers more in some countries to fuel growth.,"Fri, 18 Oct 2024 07:57:12 GMT",BBC,Technology,https://www.bbc.com/news/articles/cq5exj06vg6o,Tech News
Alleged Bitcoin hacker searched 'signs the FBI is after you',A man from Georgia is alleged to be part of a group which hacked the US regulator's X account.,"Fri, 18 Oct 2024 10:08:10 GMT",BBC,Technology,https://www.bbc.com/news/articles/c20pvkg35xyo,Tech News
"Meta fires staff for buying toothpaste, not lunch",Meta workers reportedly used vouchers that should have been spent on meals to buy household goods.,"Fri, 18 Oct 2024 14:23:04 GMT",BBC,Technology,https://www.bbc.com/news/articles/cvgdyzq3wz5o,Tech News
Firm hacked after accidentally hiring North Korean cyber criminal,The hacker downloaded sensitive data from the company and used it to send a ransom demand.,"Wed, 16 Oct 2024 14:13:06 GMT",BBC,Technology,https://www.bbc.com/news/articles/ce8vedz4yk7o,Tech News
Twitch streamer Asmongold suspended after Palestinian rant,"The streamer, real name Zach Hoyt, later apologised online for his comments.","Wed, 16 Oct 2024 11:25:20 GMT",BBC,Technology,https://www.bbc.com/news/articles/c75606vd3l6o,Tech News
Fight begins to make mobile-free schools law,A law to ban smartphones in schools will be called for under a private member’s bill on Wednesday.,"Tue, 15 Oct 2024 02:19:12 GMT",BBC,Technology,https://www.bbc.com/news/articles/czj98jrj112o,Tech News
UK considering EU-style common charging cable,The EU previously introduced a law requiring new electronic devices to use the same type of cable in 2022.,"Tue, 15 Oct 2024 11:54:02 GMT",BBC,Technology,https://www.bbc.com/news/articles/cx2lj58jql8o,Tech News
How have social media algorithms changed the way we interact?,Algorithms can watch our behaviour and determine what millions of us see when we log on.,"Sat, 12 Oct 2024 23:00:57 GMT",BBC,Technology,https://www.bbc.com/news/articles/cp8e4p4z97eo,Tech News
Tesla shares slide after Cybercab robotaxi revealed,Elon Musk revealed a prototype of the long-awaited robotaxi at a Hollywood film studio - but investors aren't wowed.,"Fri, 11 Oct 2024 16:10:32 GMT",BBC,Technology,https://www.bbc.com/news/articles/cm29x5ke9jdo,Entertainment News
Google threatened with being broken up by US,The US Government considers whether Google should spin off the Android operating system and Chrome browser.,"Wed, 09 Oct 2024 13:44:49 GMT",BBC,Technology,https://www.bbc.com/news/articles/c62504lv00do,Tech News
Brazil lifts ban on Musk's X after it pays $5m fine,The country's Supreme Court made the order after the platform also blocked certain accounts.,"Tue, 08 Oct 2024 23:05:01 GMT",BBC,Technology,https://www.bbc.com/news/articles/c5y06vzk3yjo,Tech News
Watch: Why is the latest SpaceX rocket test a big deal?,The BBC's Pallab Ghosh explores why this world first test is a big deal for space exploration.,"Sun, 13 Oct 2024 20:26:14 GMT",BBC,Technology,https://www.bbc.com/news/videos/ce3zek7xqk4o,Tech News
"Musk promises self-driving Tesla taxis, but are they safe?",BBC Tech Correspondent Lily Jamali analyses the 'robocabs' and if their technology is up to par.,"Sat, 12 Oct 2024 00:46:14 GMT",BBC,Technology,https://www.bbc.com/news/videos/c20p2gp4npeo,Tech News
Tech Life: The big business of online charity donations,We speak to the CEO of charity fundraising company GoFundMe,"Tue, 01 Oct 2024 19:30:00 GMT",BBC,Technology,https://www.bbc.co.uk/sounds/play/w3ct5wmr,Tech News
Watch: Can BBC reporter's AI clone fool his colleagues?,Cyber Correspondent Joe Tidy has an AI clone of himself built to see how sophisticated they can be.,"Fri, 27 Sep 2024 00:27:50 GMT",BBC,Technology,https://www.bbc.com/news/videos/cdje9nz7ll1o,Tech News
Tech Life: Will AI replace call centre workers?,We speak to the man who says AI will create call centre jobs – rather than replace them.,"Tue, 24 Sep 2024 19:30:00 GMT",BBC,Technology,https://www.bbc.co.uk/sounds/play/w3ct5wmq,Tech News
Is Elon Musk’s Starlink a game changer for Africa?,"The satellite internet company is expanding across Africa, but not without some controversy.","Wed, 25 Sep 2024 16:51:20 GMT",BBC,Technology,https://www.bbc.com/news/videos/cq5ew5d5j93o,Tech News
Tech Life: Mapping a changing world,How live updating of online maps is helping humanitarian work around the world.,"Tue, 17 Sep 2024 19:30:00 GMT",BBC,Technology,https://www.bbc.co.uk/sounds/play/w3ct5wmp,Tech News
School calls time on pupils' smart devices,A Sheffield school bans pupils from using smartphones and watches on its premises.,"Thu, 19 Sep 2024 05:06:43 GMT",BBC,Technology,https://www.bbc.com/news/videos/cn5zw06k45go,Tech News
Tech Life: X in Brazil,What do social media users do when their preferred platform is banned ?,"Tue, 10 Sep 2024 19:30:00 GMT",BBC,Technology,https://www.bbc.co.uk/sounds/play/w3ct5wmn,Tech News
SpaceX's Polaris Dawn mission blasts off,"The expedition, funded by billionaire Jared Isaacman, will attempt the world's first private spacewalk.","Tue, 10 Sep 2024 10:48:32 GMT",BBC,Technology,https://www.bbc.com/news/videos/c9d17y3vve2o,Tech News
Tech Life: The voice cloning lawsuit,Two voice actors take legal action claiming their voices were stolen and cloned using AI.,"Tue, 27 Aug 2024 19:30:00 GMT",BBC,Technology,https://www.bbc.co.uk/sounds/play/w3ct5wml,Entertainment News
Five tips for turning gaming from a hobby to a job,Gaming: Five tips for turning your hobby into a job,"Sun, 25 Aug 2024 16:57:30 GMT",BBC,Technology,https://www.bbc.com/news/videos/cx2yp15n411o,Tech News
Tech Life: AI helps doctors detect lung cancer,AI is acting as a second pair of eyes for radiologists examining X-rays.,"Tue, 20 Aug 2024 19:30:00 GMT",BBC,Technology,https://www.bbc.co.uk/sounds/play/w3ct5wmk,Tech News
Could this little robot help rehabilitate stroke patients?,"Robotic ""coaches"" programmed to guide stroke patients through rehabilitation exercises could soon be tested in Scotland.","Tue, 20 Aug 2024 15:52:18 GMT",BBC,Technology,https://www.bbc.com/news/videos/c9v8rvp7x34o,Tech News
Tech Life: Olympic esports and Saudi Arabia,The IOC announced the inaugural games will be hosted by Saudi Arabia. Not all are happy,"Tue, 13 Aug 2024 19:30:00 GMT",BBC,Technology,https://www.bbc.co.uk/sounds/play/w3ct5wmj,Tech News
NYC using drones to warn residents of floods,NYC emergency officials have begun using drones for the first time as a weather warning system.,"Wed, 07 Aug 2024 14:52:02 GMT",BBC,Technology,https://www.bbc.com/news/videos/ceq5n7xl5q9o,Tech News
Tech Life: Turning the tables on romance scammers,We speak to the BBC journalist who exposed an online con.,"Tue, 06 Aug 2024 19:30:00 GMT",BBC,Technology,https://www.bbc.co.uk/sounds/play/w3ct5wmh,Tech News
‘Pig butchering’ scammers target BBC reporter,Joe Tidy played along for over two months to learn more about how the scams work.,"Mon, 05 Aug 2024 21:11:31 GMT",BBC,Technology,https://www.bbc.com/news/videos/ckdgdkrd2n2o,Tech News
Tech Life: When the power goes,"The impact of internet outages in Bangladesh, and power cuts in South Africa and Cuba","Tue, 30 Jul 2024 19:30:00 GMT",BBC,Technology,https://www.bbc.co.uk/sounds/play/w3ct5wmg,Tech News
The house paints that promise much more than colour,"Paints now promise to make your house cooler, warmer, or simply peel off.","Fri, 01 Nov 2024 00:02:29 GMT",BBC,Technology,https://www.bbc.com/news/articles/ce817156p34o,Tech News
The green software that could make big carbon savings,Greener software could make devices last longer and use less electricity.,"Thu, 24 Oct 2024 23:07:47 GMT",BBC,Technology,https://www.bbc.com/news/articles/c8j7md2kj8vo,Tech News
Will AI make work burnout worse?,"As more AI tools are rolled out, some argue they are contributing to employee burnout.","Tue, 22 Oct 2024 23:09:53 GMT",BBC,Technology,https://www.bbc.com/news/articles/c93pz1dz2kxo,Tech News
'It's our moonshot': Why scientists are drilling into volcanos,In Iceland scientists plan to drill down to magma to understand it and use it for energy production.,"Thu, 17 Oct 2024 23:03:48 GMT",BBC,Technology,https://www.bbc.com/news/articles/c1e8q4j1yygo,Tech News
Why there's a rush of African satellite launches,Falling launch costs have given African nations a chance to send their own satellites into orbit.,"Mon, 14 Oct 2024 23:01:17 GMT",BBC,Technology,https://www.bbc.com/news/articles/c4gvnym0j0xo,Tech News
"From Wimbledon to VAR, is tech hurting the drama of sport?","As Wimbledon scraps human line judges, sport insiders suggest how we can make games more exciting.","Sun, 13 Oct 2024 00:02:58 GMT",BBC,Technology,https://www.bbc.com/news/articles/c9dy4434nj3o,Sports News
Meet the team paid to break into top-secret bases,Hear from the team who test security by breaking into secure facilities.,"Thu, 10 Oct 2024 23:01:21 GMT",BBC,Technology,https://www.bbc.com/news/articles/c8el64yyppro,Tech News
Could you switch careers into cyber-security?,"From ex-policemen to former physicists, cyber-security firms search outside the industry for staff.","Mon, 07 Oct 2024 23:08:02 GMT",BBC,Technology,https://www.bbc.com/news/articles/c1m0ylerjevo,Tech News
Worker shortage hampers datacentre boom,Despite offering high pay companies that build datacentres are struggling to find skilled staff.,"Mon, 30 Sep 2024 23:06:24 GMT",BBC,Technology,https://www.bbc.com/news/articles/c24pvm8ly18o,Tech News
How pen and paper comes to the rescue in an IT crisis,Firms are advised to practise operating with pens and paper in case of a computer meltdown.,"Thu, 26 Sep 2024 23:04:07 GMT",BBC,Technology,https://www.bbc.com/news/articles/ce9zx22ley8o,Tech News
Tigers and crocs make mangrove preservation tough work,To help preserve mangrove forests researchers have to take on demanding field work.,"Mon, 23 Sep 2024 23:09:02 GMT",BBC,Technology,https://www.bbc.com/news/articles/crrldyvqe4xo,Tech News
Would you let AI plan your next holiday?,"Artificial intelligence is being developed to help organise holidays, but is it any good?","Thu, 19 Sep 2024 23:07:55 GMT",BBC,Technology,https://www.bbc.com/news/articles/cwy3qp15x73o,Tech News
Why hundreds of Samsung workers are protesting in India,About 1500 workers in Tamil Nadu state have been striking work for the past 11 days.,"Thu, 19 Sep 2024 13:51:52 GMT",BBC,Technology,https://www.bbc.com/news/articles/c7488w85n00o,Business News
New beanless 'coffee' emerges but does it taste any good?,Start-ups launch drinks that look and taste like coffee but they say are better for the environment.,"Thu, 12 Sep 2024 23:02:19 GMT",BBC,Technology,https://www.bbc.com/news/articles/c4gv0rvx0dvo,Tech News
Telegram: 'The dark web in your pocket',The arrest of Telegram’s chief executive in France has ignited a debate about moderation on his app.,"Fri, 30 Aug 2024 23:01:41 GMT",BBC,Technology,https://www.bbc.com/news/articles/cdey4prn3e1o,Tech News
Crash dummies and robot arms: How airline seats are tested,Building hi-tech airline seats has become a huge business in Northern Ireland.,"Thu, 05 Sep 2024 23:01:14 GMT",BBC,Technology,https://www.bbc.com/news/articles/c74l9p2x3dxo,Tech News
Will sustainable aviation fuels take off?,"Sustainable aviation fuels work, but can they be made in sufficient quantity to replace fossil fuels?","Fri, 20 Sep 2024 09:41:49 GMT",BBC,Technology,https://www.bbc.com/news/articles/cg64pwxzln4o,Tech News
Young workers drive South Africa's video games industry,"South Africa has a small but thriving video games industry, helped by plenty of young workers.","Mon, 02 Sep 2024 23:07:40 GMT",BBC,Technology,https://www.bbc.com/news/articles/c6ppjq0zz1go,Tech News
When vets are scarce what can farmers do?,In Vietnam farmers are being encouraged to track the use of antibiotics and monitor disease.,"Thu, 22 Aug 2024 23:05:08 GMT",BBC,Technology,https://www.bbc.com/news/articles/ce58nvdg327o,Tech News
The mind-bending mirrors behind advanced technology,"Huge, tiny or incredibly flat, advanced mirrors are essential to high-tech machines.","Mon, 19 Aug 2024 23:02:06 GMT",BBC,Technology,https://www.bbc.com/news/articles/cd1646ewzleo,Tech News
I was told it was now or never - Amorim on Man Utd move,"Ruben Amorim says he wanted to take the Manchester United job at the end of the season but was told by the Premier League club that it was ""now or never"".","Sat, 02 Nov 2024 06:47:22 GMT",BBC,Sports,https://www.bbc.com/sport/football/articles/cd9n25j4p47o,Sports News
'Players playing in pain' - Guardiola on injury 'emergency',Manchester City manager Pep Guardiola says even fit players are in pain as they push themselves through the fixture schedule.,"Fri, 01 Nov 2024 22:40:18 GMT",BBC,Sports,https://www.bbc.com/sport/football/articles/c2e7rvwg3vvo,Sports News
"Aspinall, McGregor & the 'dream-makers' - welcome to Cage Warriors","From Tom Aspinall to Conor McGregor, Cage Warriors has a rich history of producing MMA stars. BBC Sport visits a show in Manchester to discover why.","Sat, 02 Nov 2024 06:56:03 GMT",BBC,Sports,https://www.bbc.com/sport/mixed-martial-arts/articles/c89lp9529plo,Sports News
All Blacks Test sets tone for England mission to crack elite,England aim to prove they belong in the highest echelons of the Test game this autumn. The All Blacks are a tantalising first encounter.,"Fri, 01 Nov 2024 21:20:16 GMT",BBC,Sports,https://www.bbc.com/sport/rugby-union/articles/cq8vy402d1do,Sports News
Who can stop Sabalenka? WTA Finals talking points and vote,Aryna Sabalenka is looking to cap a superb year with a first WTA Finals triumph. Here's everything you need to know about the event - and cast your vote for the winner.,"Fri, 01 Nov 2024 09:59:30 GMT",BBC,Sports,https://www.bbc.com/sport/tennis/articles/c9vn8enk4r0o,Sports News
Non-league Tamworth stun Huddersfield in FA Cup,Watch highlights as non-league Tamworth shock League One Huddersfield Town in the FA Cup first round after an own goal by keeper Chris Maxwell.,"Fri, 01 Nov 2024 22:35:46 GMT",BBC,Sports,https://www.bbc.com/sport/football/videos/cdxvl70eygwo,Sports News
City Of Troy faces 'ultimate test' in Breeders' Cup,Derby winner City Of Troy is ready for an audacious attempt to win the Breeders’ Cup Classic in the United States on Saturday.,"Sat, 02 Nov 2024 07:25:39 GMT",BBC,Sports,https://www.bbc.com/sport/horse-racing/articles/cq6l48lrezvo,Sports News
Piastri on Sao Paulo sprint pole ahead of Norris,Oscar Piastri leads Lando Norris to a McLaren one-two in sprint qualifying at the Sao Paulo Grand Prix.,"Fri, 01 Nov 2024 21:30:56 GMT",BBC,Sports,https://www.bbc.com/sport/formula1/articles/ce314515pl4o,Sports News
Ten Hag wishes Man Utd 'trophies and glory' after 'end of dream',"Former Manchester United manager Erik ten Hag says he wishes the club's fans ""nothing but success, trophies and glory"" following his sacking on Monday.","Fri, 01 Nov 2024 21:15:17 GMT",BBC,Sports,https://www.bbc.com/sport/football/articles/c99rn58ky3po,Sports News
Notts County thrash Alfreton Town to reach FA Cup second round,Watch highlights as Notts County come back from a goal down to comfortably beat National League North side Alfreton Town 5-1 in the first round of the FA Cup at Meadow Lane.,"Fri, 01 Nov 2024 22:31:30 GMT",BBC,Sports,https://www.bbc.com/sport/football/videos/cpvzy33zeepo,Sports News
'Like a torpedo!' - Tamworth lead after keeper own goal from throw-in,Tom Tonks' long throw is punched into his own net by Huddersfield Town goalkeeper Chris Maxwell to give Tamworth a shock lead over the League One side in the first round of the FA Cup.,"Fri, 01 Nov 2024 21:27:15 GMT",BBC,Sports,https://www.bbc.com/sport/football/videos/c629z6xx447o,Sports News
Jets star Wilson makes stunning one-handed touchdown catch,Watch Garrett Wilson make a spectacular touchdown catch for the New York Jets in their win over Houston Texans in the NFL.,"Fri, 01 Nov 2024 11:00:44 GMT",BBC,Sports,https://www.bbc.com/sport/american-football/videos/cdxyq0vp7kxo,Sports News
'The second special one' - Amorim by those who know him best,Friends and former colleagues of Ruben Amorim talk to BBC Sport about the new Manchester United head coach who will replace Erik ten Hag at Old Trafford.,"Fri, 01 Nov 2024 17:12:47 GMT",BBC,Sports,https://www.bbc.com/sport/football/videos/cly2jz7gr4zo,Sports News
Man Utd fans react to Amorim appointment,"Manchester United fans Faz, Tom and Jay share their thoughts on Ruben Amorim's appointment as the new head coach at Old Trafford.","Fri, 01 Nov 2024 12:48:18 GMT",BBC,Sports,https://www.bbc.com/sport/football/videos/cx28rprr9geo,Sports News
'The death of Wimbledon' - how a football club moved cities,"Before their FA Cup first-round tie on Sunday, BBC Sport looks back at the story of Wimbledon FC's highly controversial move to Milton Keynes more than 20 years ago which remains one of the most taboo subjects in English football.","Fri, 01 Nov 2024 11:46:50 GMT",BBC,Sports,https://www.bbc.com/sport/football/videos/cy0g5r049w7o,Sports News
Barrett says Marler's haka jibe has 'loaded the gun',"New Zealand captain Scott Barrett says England prop Joe Marler has ""loaded the gun"" after his controversial call for the All Blacks haka to be scrapped.","Fri, 01 Nov 2024 17:15:59 GMT",BBC,Sports,https://www.bbc.com/sport/rugby-union/articles/cqxw0qypzp9o,Sports News
Amorim wants Diomande at Man Utd - Saturday's gossip,"Ruben Amorim wants to take Ousmane Diomande to Manchester United, Europe's elite track Vinicius Jr's situation, while manager Gary O'Neil is under pressure at Wolves.","Fri, 01 Nov 2024 22:30:27 GMT",BBC,Sports,https://www.bbc.com/sport/football/articles/c20n180w0nlo,Sports News
Filling 'donut' & taming Fernandes - Amorim's tactics assessed,"With Ruben Amorim confirmed as the new Man United head coach, how will the current squad fit into his tactics?","Fri, 01 Nov 2024 12:27:09 GMT",BBC,Sports,https://www.bbc.com/sport/football/articles/crez8vyr7yjo,Sports News
Verstappen handed grid penalty for Sao Paulo Grand Prix,Championship leader Max Verstappen will have a five-place grid penalty at the Sao Paulo Grand Prix.,"Fri, 01 Nov 2024 15:51:08 GMT",BBC,Sports,https://www.bbc.com/sport/formula1/articles/cr5m27ndp1lo,Sports News
'Relaxed' Boulter reaches Hong Kong semi-finals,British number one Katie Boulter powers through to the Hong Kong Open semi-finals with a 6-4 6-0 win over Anastasia Zakharova.,"Fri, 01 Nov 2024 09:28:44 GMT",BBC,Sports,https://www.bbc.com/sport/tennis/articles/cly2r4kjveyo,Sports News
WRU to apologise for contract row but denies sexism,The Welsh Rugby Union admits serious failings in contract talks with the senior women's team.,"Fri, 01 Nov 2024 13:52:47 GMT",BBC,Sports,https://www.bbc.com/sport/rugby-union/articles/c93qn1zqgwxo,Sports News
"'I thought I was in trouble, but was named captain'","Sione Tuipulotu has gone from relative unknown to become a URC title-winner, a Lion-in-waiting and now Scotland captain - but admits his journey has not been easy.","Fri, 01 Nov 2024 14:27:47 GMT",BBC,Sports,https://www.bbc.com/sport/rugby-union/articles/c5yrxjgp9v1o,Sports News
'Rangers rudderless as big picture plan threatens to unravel',"A poor start to the season heaps pressure on manager Phillipe Clement, leaving the rebuild at Rangers looking rather rocky, writes Tom English.","Fri, 01 Nov 2024 07:15:42 GMT",BBC,Sports,https://www.bbc.com/sport/football/articles/cg4lkqp72geo,Sports News
McAtamney in line for NFL debut against Washington,Former Derry U-20 GAA player Jude McAtamney is in line to make his NFL debut for the New York Giants on Sunday after an injury to starting kicker Greg Joseph.,"Fri, 01 Nov 2024 20:28:24 GMT",BBC,Sports,https://www.bbc.com/sport/american-football/articles/cn0djwpggzeo,Sports News
How FA Cup final hat-trick hero finally got a headstone,"Two years after scoring a hat-trick in the 1894 FA Cup final, Jimmy Logan was buried in an unmarked pauper's grave. More than 120 years later he got a headstone thanks to some Notts County fans.","Fri, 01 Nov 2024 06:30:20 GMT",BBC,Sports,https://www.bbc.com/sport/football/articles/cz9xg08yj1po,Sports News
Gormley has 'no fear of dying' after terminal cancer diagnosis,"Former Tyrone gaelic footballer Jody Gormley says he has ""no fear of dying whatsoever"" after revealing he has been diagnosed with terminal liver cancer.","Fri, 01 Nov 2024 17:24:31 GMT",BBC,Sports,https://www.bbc.com/sport/articles/cqlryk9q95vo,Sports News
MotoGP season finale in Valencia cancelled after floods,The Valencia MotoGP is cancelled and several other events have been postponed following the devastating flash floods in Spain.,"Fri, 01 Nov 2024 16:33:40 GMT",BBC,Sports,https://www.bbc.com/sport/articles/ced9l6qjv73o,Sports News
Brown in line to make England debut against Wales,Full-back Amelia Brown is set to make her England debut as she is  named in Stuart Barrow's 19-player squad to face Wales in Saturday's Test match in Leeds.,"Fri, 01 Nov 2024 12:56:24 GMT",BBC,Sports,https://www.bbc.com/sport/rugby-league/articles/czd5nrvn6m2o,Sports News
What's in store for FA Cup's lowest-ranked teams?,Eighth tier Hednesford Town are among the non-league sides in action as BBC Sport looks at the lowest-ranked sides left in the FA Cup.,"Fri, 01 Nov 2024 10:08:35 GMT",BBC,Sports,https://www.bbc.com/sport/football/articles/cr5m3d3qypmo,Sports News
Man arrested over burglary at England captain Stokes' home,"A man is arrested after a burglary at the home of England cricket captain Ben Stokes, police say.","Fri, 01 Nov 2024 15:35:36 GMT",BBC,Sports,https://www.bbc.com/news/articles/c3e8407lkv3o,Sports News
Ferrari's Leclerc fined for swearing in news conference,Ferrari driver Charles Leclerc is fined for swearing in a news conference after last weekend's Mexico City Grand Prix.,"Fri, 01 Nov 2024 23:42:29 GMT",BBC,Sports,https://www.bbc.com/sport/formula1/articles/cgej1v93rqxo,Sports News
Zverev beats Tsitsipas to reach Paris semi-finals,Alexander Zverev will face Holger Rune in the semi-finals of the Paris Masters after the German third seed beats Stefanos Tsitsipas in straight sets.,"Fri, 01 Nov 2024 18:19:35 GMT",BBC,Sports,https://www.bbc.com/sport/tennis/articles/cn0djzgy0elo,Sports News
England will continue to back young players - Trescothick,"England will continue to invest in youth despite a 12th defeat in 18 one-day internationals, says Marcus Trescothick.","Fri, 01 Nov 2024 14:51:38 GMT",BBC,Sports,https://www.bbc.com/sport/cricket/articles/cwy1gvnx8v1o,Sports News
Harlequins win at Bristol to move third in PWR table,Harlequins move up to third in the Premiership Women's Rugby table with a 34-19 win at Bristol Bears.,"Fri, 01 Nov 2024 21:58:59 GMT",BBC,Sports,https://www.bbc.com/sport/rugby-union/articles/clyg2p1lq4no,Sports News
'I'm really confident we can get a trophy this season',"Tottenham and Wales forward Brennan Johnson tells Kelly Somers about finding form, chasing trophies and playing alongside his idol Son Heung-min.","Fri, 01 Nov 2024 06:28:47 GMT",BBC,Sports,https://www.bbc.com/sport/football/videos/c704k07xpzyo,Entertainment News
Spain beat England in Women's U17 World Cup semi-final,Watch highlights as Spain beat England 3-0 in the semi-final of the Women's Under-17s World Cup.,"Fri, 01 Nov 2024 09:54:45 GMT",BBC,Sports,https://www.bbc.com/sport/football/videos/cy4nv0kemdro,Sports News
Are Man Utd or Amorim taking the bigger risk?,"Ruben Amorim is set to takes over as Manchester United head coach after an impressive career in Portugal, but is he risking his reputation at Old Trafford?","Fri, 01 Nov 2024 12:47:12 GMT",BBC,Sports,https://www.bbc.com/sport/football/videos/c8ek7ydgd01o,Sports News
"Mainoo, Porro & Bamford star in FA Cup best goals","Watch the best goals from last season's FA Cup with strikes from Manchester United's Kobbie Mainoo, Tottenham's Pedro Porro and Patrick Bamford of Leeds.","Thu, 31 Oct 2024 09:41:23 GMT",BBC,Sports,https://www.bbc.com/sport/football/videos/cwy5j9nqy72o,Sports News
Dodgers win World Series with 'comeback for the ages',Watch the winning moment as the Los Angeles Dodgers win the 2024 World Series after beating the New York Yankees 7-6 at Yankee Stadium to earn a 4-1 series victory.,"Thu, 31 Oct 2024 10:30:07 GMT",BBC,Sports,https://www.bbc.com/sport/baseball/videos/clyrnl3g854o,Sports News
I know how many goals I want to score this season - Semenyo,"Bournemouth forward Antoine Semenyo speaks to Football Focus' Betty Glover about his tough start to life as a footballer, playing under boss Andoni Iraola and his targets this season.","Thu, 31 Oct 2024 06:10:52 GMT",BBC,Sports,https://www.bbc.com/sport/football/videos/c5yx6jggzeeo,Entertainment News
Watch best of Aberdeen's gripping win over Rangers,Watch the best of the action as Aberdeen stay unbeaten in the Scottish Premiership with a 2-1 win over Rangers.,"Thu, 31 Oct 2024 00:01:35 GMT",BBC,Sports,https://www.bbc.com/sport/football/videos/cpqdlyg4wrxo,Sports News
Dodgers make 'incredible' five-run comeback during World Series win,"The Los Angeles Dodgers come back from 5-0 down in the fifth innings to make it 5-5 against the New York Yankees, eventually beating them 7-6 to win the 2024 World Series.","Thu, 31 Oct 2024 10:31:56 GMT",BBC,Sports,https://www.bbc.com/sport/baseball/videos/cr4l6v5vkl2o,Sports News
Sutton's predictions v The Piano winner Brad Kella,BBC Sport football expert Chris Sutton takes on The Piano winner Brad Kella with his predictions for this weekend's Premier League fixtures.,"Thu, 31 Oct 2024 17:57:10 GMT",BBC,Sports,https://www.bbc.com/sport/football/articles/clyj53j4dyro,Sports News
Yorke named Trinidad and Tobago head coach,"Former Manchester United forward Dwight Yorke is named Trinidad and Tobago's head coach, having played for them 72 times during his career.","Fri, 01 Nov 2024 16:42:31 GMT",BBC,Sports,https://www.bbc.com/sport/football/articles/cy4nvg0wwpko,Sports News
Bearman replaces Magnussen for Haas at Sao Paulo GP,Oliver Bearman replaces Kevin Magnussen for the entire Sao Paulo Grand Prix weekend after the Dane had to pull out through illness.,"Fri, 01 Nov 2024 21:28:18 GMT",BBC,Sports,https://www.bbc.com/sport/formula1/articles/cvg01qdy1ldo,Sports News
Scott breaks British record at Swimming World Cup,Duncan Scott breaks the British record in the 400m freestyle at the short course World Cup event in Singapore.,"Fri, 01 Nov 2024 08:13:30 GMT",BBC,Sports,https://www.bbc.com/sport/swimming/articles/cx248g3gyq3o,Sports News
Wolves sporting director Hobbs given two-match ban,"Wolves sporting director Matt Hobbs is given a two-match stadium ban and fined £7,000 for misconduct by the Football Association.","Fri, 01 Nov 2024 16:11:24 GMT",BBC,Sports,https://www.bbc.com/sport/football/articles/cm2zyjz33dko,Sports News
Slegers in charge for next five Arsenal games,Arsenal interim manager Renee Slegers says she will be in charge for at least the next five matches at the WSL club.,"Fri, 01 Nov 2024 14:54:46 GMT",BBC,Sports,https://www.bbc.com/sport/football/articles/c937knlkygeo,Sports News
Wembanyama hits rare 5x5 as Spurs see off Jazz,Victor Wembanyama further enhances his reputation with a rare 5x5 to help the San Antonio Spurs to a 106-88 win against the Utah Jazz.,"Fri, 01 Nov 2024 07:52:03 GMT",BBC,Sports,https://www.bbc.com/sport/basketball/articles/cy873ky5z48o,Sports News
'I've always persevered' - PGA golfer blinded by ball pledges return,Australian golfer Jeffrey Guan has lost sight in his left eye after being hit by a ball at a pro-am tournament.,"Fri, 01 Nov 2024 11:00:11 GMT",BBC,Sports,https://www.bbc.com/sport/golf/articles/crr90vv7rgyo,Sports News
The 'special feeling' created by beating All Blacks,"Former England centre Brad Barritt recalls the ""special feeling"" of beating New Zealand at Twickenham in 2012.","Fri, 01 Nov 2024 07:35:25 GMT",BBC,Sports,https://www.bbc.com/sport/rugby-union/articles/cvglp280g5yo,Sports News
"Move aside Haaland, it's Salah time - FPL tips & team of the week","It is Erling Haaland out and Mohamed Salah in this week, with the aim of capitalising on the Egyptian's impressive run of recent returns, writes Thomas Woods.","Thu, 31 Oct 2024 08:35:14 GMT",BBC,Sports,https://www.bbc.com/sport/football/articles/cy8np7y0xe9o,Sports News
'Women's rugby league million miles better than it's ever been',"Captain Jodie Cunningham says that women’s rugby league is in the best shape it has ever been ""by a million miles"" as England prepare to take on Wales at Headingley on Saturday.","Fri, 01 Nov 2024 08:37:45 GMT",BBC,Sports,https://www.bbc.com/sport/rugby-league/articles/cx28ygm24leo,Sports News
"Scandals, crashes & rivalries - eight dramatic F1 title battles",The 2024 title fight is getting heated between Max Verstappen and Lando Norris - here are eight other memorable championship battles.,"Thu, 31 Oct 2024 15:48:04 GMT",BBC,Sports,https://www.bbc.com/sport/formula1/articles/crk4054g4ydo,Sports News
To be the first at anything is an unbelievable honour - Anderson ,"Viv Anderson discusses his life, career and how it felt becoming the first black man to play for the senior England team.","Wed, 30 Oct 2024 16:59:36 GMT",BBC,Sports,https://www.bbc.com/sport/football/articles/cqxw94gggeno,Sports News
From beating Van Nistelrooy to pro debut at 45 - Forlan's tennis journey,Former Man Utd player Diego Forlan will make his professional tennis debut at the age of 45. This is how he has gone from football to the ATP Tour.,"Wed, 30 Oct 2024 08:09:44 GMT",BBC,Sports,https://www.bbc.com/sport/tennis/articles/c4gxjy31vrzo,Sports News
A 24-hour party of pain - a day and night running round a track,In a quiet corner of London a small group of extraordinary runners complete laps of an athletics track for a day and a night. Why do they do it? And how far do they go?,"Tue, 08 Oct 2024 23:01:19 GMT",BBC,Sports,https://www.bbc.com/sport/athletics/articles/cn8y4mky8v9o,Tech News
'I gave everything to boxing and still have nothing',Heather Hardy tells BBC Sport how she is adapting to life outside of boxing after the former world champion was left with a life-threatening injury.,"Tue, 01 Oct 2024 08:00:06 GMT",BBC,Sports,https://www.bbc.com/sport/boxing/articles/cwyl3y7yyx1o,Sports News
The slow death of the screamer,Elite players are taking fewer shots from further out. What is behind the trend and is it harming the game?,"Wed, 11 Sep 2024 00:00:00 GMT",BBC,Sports,https://www.bbc.co.uk/sport/extra/7ruba7shs4/the-slow-death-of-the-screamer,Sports News
'It was like a non-league team asking Man Utd for a match',The Solheim Cup is a revolutionary tournament born out of the success of a revolutionary putter.,"Wed, 11 Sep 2024 23:02:12 GMT",BBC,Sports,https://www.bbc.com/sport/golf/articles/cz73xp4wpvqo,Sports News
'The cash came up to my torso' -  tales of a match-fixer,"Moses Swaibu was one of the brightest prospects in Crystal Palace's youth ranks, but he ended up in a shady world of cash, danger and fixing rather than football's limelight.","Mon, 09 Sep 2024 23:02:31 GMT",BBC,Sports,https://www.bbc.com/sport/football/articles/cd05385k722o,Sports News
Saddling up on the high seas - the cyclists powering 50-mph yachts,A world champion cyclist has swapped the velodrome for the cramped deck of the fastest yacht in the world. Why?,"Mon, 02 Sep 2024 23:02:19 GMT",BBC,Sports,https://www.bbc.com/sport/articles/c4ngydm1x55o,Sports News
"Fury, hope and changing gear with a sword - Ukraine's Paris preparations","After more than two years of war, Ukraine aim to continue punching above their weight and to extend their remarkable Paralympic record.","Wed, 28 Aug 2024 23:01:20 GMT",BBC,Sports,https://www.bbc.com/sport/articles/cdd734dp7emo,Sports News
"Saints, Chiefs, Sale & Coventry win in cup openers",Exeter Chiefs claim their first win of the season and Northampton Saints beat Leicester as the pool stages of the Premiership Rugby Cup begin.,"Fri, 01 Nov 2024 22:17:42 GMT",BBC,Sports,https://www.bbc.com/sport/rugby-union/articles/cwy1w0vk80zo,Sports News
WRU to apologise for contract row but denies sexism,The Welsh Rugby Union admits serious failings in contract talks with the senior women's team.,"Fri, 01 Nov 2024 13:52:47 GMT",BBC,Sports,https://www.bbc.com/sport/rugby-union/articles/c93qn1zqgwxo,Sports News
Gormley seals Cliftonville win as Ports beat Ballymena,Cliftonville make it three successive Irish Premiership wins as they edged rivals Crusaders 1-0 in an entertaining game at Solitude.,"Fri, 01 Nov 2024 21:39:25 GMT",BBC,Sports,https://www.bbc.com/sport/articles/cx28r9rwre4o,Sports News
"Tyler, The Creator lands first UK number one album",The rapper hit the top spot despite his album only being available for four of the last seven days.,"Fri, 01 Nov 2024 17:44:50 GMT",BBC,Entertainment,https://www.bbc.com/news/articles/czxv7g4qglpo,Tech News
Nighy stole Shakespeare book for drama audition,The star said he started as an actor to impress a girl and took the books to prepare for an audition.,"Sat, 02 Nov 2024 04:52:13 GMT",BBC,Entertainment,https://www.bbc.com/news/articles/cp3nygjj179o,Entertainment News
The Cure's Robert Smith: 'Singing new album live helps me grieve',"The goth icons played two sets at the BBC in support of their new record, Songs Of A Lost World.","Fri, 01 Nov 2024 11:46:45 GMT",BBC,Entertainment,https://www.bbc.com/news/articles/cz7wq20dj10o,Sports News
Marina: 'It's important to take the shame from bulimia' ,"The singer tells the BBC about her new poetry book, and why she decided to write about bulimia.","Fri, 01 Nov 2024 01:10:09 GMT",BBC,Entertainment,https://www.bbc.com/news/articles/c8dm9114j44o,Sports News
Brat crowned Collins Dictionary 2024 word of the year,"It describes a person who is ""characterised by a confident, independent and hedonistic attitude"".","Fri, 01 Nov 2024 00:52:07 GMT",BBC,Entertainment,https://www.bbc.com/news/articles/cy87x5n0g24o,Entertainment News
Squid Game's Player 456 returns in season 2 trailer,"The new season follows Gi-hun as he tries to expose the games' secrets, three years after his narrow escape.","Thu, 31 Oct 2024 22:40:43 GMT",BBC,Entertainment,https://www.bbc.com/news/articles/cdrdxjpxzx4o,Entertainment News
Taylor Swift cake damaged and cannot shake it off,The singer's edible double suffers structural damage and has to be withdrawn from show.,"Fri, 01 Nov 2024 16:35:53 GMT",BBC,Entertainment,https://www.bbc.com/news/articles/cje0vk27x3ko,Entertainment News
Heidi Klum and Kylie Jenner showcase Halloween outfits,"Heidi Klum attended her Halloween bash as E.T., while Lizzo's costume referenced a recent episode of South Park.","Fri, 01 Nov 2024 10:32:54 GMT",BBC,Entertainment,https://www.bbc.com/news/articles/c2dl392g9e4o,Entertainment News
Vardy launches appeal bid against latest Rooney ruling,Last month a judge ruled in favour of Mrs Rooney in a dispute about the legal costs Mrs Vardy must pay.,"Fri, 01 Nov 2024 14:59:09 GMT",BBC,Entertainment,https://www.bbc.com/news/articles/c62lk04xnqyo,Entertainment News
How Japan's youngest CEO transformed Hello Kitty,"As the cute character celebrates her 50th anniversary, the firm behind it is now a trillion yen business.","Thu, 31 Oct 2024 23:05:16 GMT",BBC,Entertainment,https://www.bbc.com/news/articles/c72pr8y2r9wo,Business News
"Ofcom fines GB News £100,000 over impartiality",The media watchdog says the broadcast channel allowed the then-prime minister to go unchallenged.,"Thu, 31 Oct 2024 11:36:23 GMT",BBC,Entertainment,https://www.bbc.com/news/articles/c7v3d44zj03o,Entertainment News
Comedian Janey Godley given honorary doctorate in hospice bed,The 63-year-old comedian is receiving end of life care after the spread of her cancer.,"Thu, 31 Oct 2024 11:55:08 GMT",BBC,Entertainment,https://www.bbc.com/news/articles/cwy91r7lp8lo,Entertainment News
Scissor Sisters spill the beans on their comeback,The colourful pop band are reuniting to celebrate the 20th anniversary of their debut album.,"Thu, 31 Oct 2024 08:06:06 GMT",BBC,Entertainment,https://www.bbc.com/news/articles/c8xpe8vdr5eo,Entertainment News
Lily Collins: I'd love an Emily in London spin-off,"The Emily in Paris star spoke to the BBC after making her West End debut, in   Bess Wohl’s Barcelona.","Thu, 31 Oct 2024 13:49:37 GMT",BBC,Entertainment,https://www.bbc.com/news/articles/cn42m9p0v32o,Entertainment News
Weekly quiz: Which TV Friend lost their on-screen mum?,Test how closely you've been paying attention to what has been going on over the past seven days.,"Thu, 31 Oct 2024 17:35:43 GMT",BBC,Entertainment,https://www.bbc.co.uk/news/world-69454683,Entertainment News
How to watch this year's awards-tipped films,"As the Oscars race starts to take shape, here's the ABC (Anora, Blitz, Conclave) of films to watch.","Fri, 01 Nov 2024 15:00:08 GMT",BBC,Entertainment,https://www.bbc.com/news/articles/cwyvy9yvxyxo,Entertainment News
"Sex, love and immortality: Behind the obsession with vampires","Mark Gatiss, from BBC’s Dracula, and Rolin Jones, from Interview with the Vampire, on why vampires are so popular.","Thu, 31 Oct 2024 00:29:35 GMT",BBC,Entertainment,https://www.bbc.com/news/articles/cq52lxzdx46o,Entertainment News
"Pixies: 'The more you try to recapture youth, the sillier it sounds'","Black Francis from legendary rock band Pixies on ageing disgracefully, painting and bedtime stories.","Sat, 26 Oct 2024 23:01:53 GMT",BBC,Entertainment,https://www.bbc.com/news/articles/cgk1y6zg8jno,Entertainment News
Springsteen: I rarely see my bandmates - we've seen each other enough,"The rock star on touring, his wife's cancer diagnosis and why he'll play ""until the wheels come off"".","Fri, 25 Oct 2024 00:05:16 GMT",BBC,Entertainment,https://www.bbc.com/news/articles/c5y8yq19nm2o,Entertainment News
Who's the famous face behind this E.T. Halloween costume?,Model Heidi Klum unveiled her latest extravagant costume at her annual Halloween bash.,"Fri, 01 Nov 2024 07:48:59 GMT",BBC,Entertainment,https://www.bbc.com/news/videos/cvg416kzrezo,Tech News
Radiohead's Thom Yorke calls out heckler over Gaza protest,Watch: Radiohead's Thom Yorke responds to heckler shouting about Gaza,"Thu, 31 Oct 2024 07:54:18 GMT",BBC,Entertainment,https://www.bbc.com/news/videos/c5ypv0vjz4zo,Tech News
Repairing Scotland's historic 'Harry Potter' bridge,Engineers have been working day and night on the Glenfinnan Viaduct as part of a £3.4m restoration project.,"Wed, 30 Oct 2024 23:00:47 GMT",BBC,Entertainment,https://www.bbc.com/news/videos/c5yx6jw689po,Tech News
Celebrating 21 years of black British ballet,Classically British & Co recently put on a special performance for young Londoners.,"Wed, 30 Oct 2024 06:13:01 GMT",BBC,Entertainment,https://www.bbc.com/news/videos/cwyg4djz41go,Entertainment News
Tearful Adele hugs Celine Dion at Las Vegas show,Fans could be heard clapping and cheering as the two icons met at Caesars Palace.,"Sun, 27 Oct 2024 11:07:37 GMT",BBC,Entertainment,https://www.bbc.com/news/videos/c86qq5jqevdo,Entertainment News
Why does A$AP Rocky want to buy Tranmere?,Football Focus discusses the potential Tranmere Rovers takeover by rapper A$AP Rocky and what it could mean for the club.,"Sat, 26 Oct 2024 12:36:33 GMT",BBC,Entertainment,https://www.bbc.com/sport/football/videos/cyv7yv2nj8no,Entertainment News
Beyoncé urges Americans to 'sing a new song' at Harris rally ,The singer is the latest superstar entertainer to endorse Kamala Harris.,"Sat, 26 Oct 2024 06:37:20 GMT",BBC,Entertainment,https://www.bbc.com/news/videos/cz9xpzeqq4po,Entertainment News
Booking a train ticket? New Indian Railways train ticket reservation rules effective from November 1 - check details,"From November 1, 2024, Indian Railways is implementing a new 60-day Advance Reservation Period for train ticket bookings, down from the previous 120 days. The change aims to improve booking efficiency and reduce cancellations.",2024-11-02T10:19:46+05:30,Times of India,Business,https://timesofindia.indiatimes.com/business/india-business/booking-a-train-ticket-new-indian-railways-train-ticket-reservation-rules-in-effect-from-november-1-check-details/articleshow/114871517.cms,Sports News
NSE launches mobile app and expands website to 11 regional languages,"The NSE introduces its new mobile app, NSEIndia, and expands its website language support to eleven regional languages, aiding wider investor participation across India. The app, available on iOS and Android, offers key features like market updates and customizable watchlists, providing secure access to market data.",2024-11-02T08:33:02+05:30,Times of India,Business,https://timesofindia.indiatimes.com/business/india-business/nse-launches-mobile-app-and-expands-website-to-11-regional-languages/articleshow/114868456.cms,Business News
Can ICAI set quality rules for audit firms?,"ICAI's stance in a disciplinary case appears conflicting with its recently released Standard on Quality Management (SQM) for audit firms. ICAI claims the Companies Act governs audit standards, while contending in court they lack jurisdiction over audit firms. NFRA pushes ICAI to align with global norms, aiming to clear regulatory ambiguities.",2024-11-02T06:40:08+05:30,Times of India,Business,https://timesofindia.indiatimes.com/business/india-business/can-icai-set-quality-rules-for-audit-firms/articleshow/114866952.cms,Business News
Apple's India revenue hits a new high in September quarter,"Apple's revenue in India hit an all-time record due to increased sales of iPhones and other products like iPads, MacBooks, and AirPods. CEO Tim Cook highlighted India's growing importance, noting the expansion in production and retail presence. The company's global net sales rose over 6% to $95 billion for the quarter.",2024-11-02T01:45:46+05:30,Times of India,Business,https://timesofindia.indiatimes.com/business/india-business/apples-india-revenue-hits-a-new-high-in-september-quarter/articleshow/114861182.cms,Business News
"Diwali Muhurat trading 2024 highlights: BSE Sensex ends over 330 points up in Samvat 2081 opening session; Nifty50 at 24,300","Diwali Muhurat trading 2024 highlights: BSE Sensex and Nifty50, the Indian equity benchmark indices, kicked off Samvat 2081 with a positive show on Friday. While BSE Sensex crossed 79,700, Nifty50 was at 24,300.",2024-11-01T18:06:53+05:30,Times of India,Business,https://timesofindia.indiatimes.com/business/india-business/diwali-muhurat-trading-2024-live-bse-sensex-nifty50-november-01-2024-top-stocks-to-buy-samvat-2081-gainers-and-losers-special-trading-session/articleshow/114850207.cms,Business News
"GST collections surge 9% in October, reaching Rs 1.87 lakh crore","GST collections in October grossed Rs 1.87 lakh crore, reflecting an 8.9% year-on-year increase. From January to October 2024, collections rose to Rs 12.74 lakh crore. April 2024 saw record collections of Rs 2.1 lakh crore. The overall fiscal year 2023-24 collections experienced an 11.7% rise, suggesting strong domestic consumption and import activity.",2024-11-01T16:27:58+05:30,Times of India,Business,https://timesofindia.indiatimes.com/business/india-business/gst-collections-in-october-increase-by-9-to-rs-1-87-lakh-crore/articleshow/114848485.cms,Business News
Diwali Muhurat trading 2024: Top stocks to buy in Samvat 2081 - check list,"Diwali Muhurat Trading 2024 stocks to buy: NSE and BSE will hold their annual Muhurat Trading session on Friday, a favorable time for investments.  Here is a list of small cap, mid-cap and large-cap stocks for Samvat 2081 with a view till next Diwali:",2024-11-01T17:23:13+05:30,Times of India,Business,https://timesofindia.indiatimes.com/business/india-business/diwali-muhurat-trading-2024-top-stocks-to-buy-in-samvat-2081-check-list/articleshow/114844877.cms,Business News
Diwali Muhurat trading 2024: Check timings for special stock market session on November 1 & Samvat 2081 outlook,"Muhurat Trading 2024: Stock exchanges in India will be closed for regular trading on November 1, 2024, following Diwali celebrations, with a special Muhurat trading session in the evening. Indian markets have in the past year experienced significant gains with Nifty rising 25% and broader indices showing even more substantial growth.",2024-11-01T13:17:04+05:30,Times of India,Business,https://timesofindia.indiatimes.com/business/india-business/diwali-muhurat-trading-2024-check-timings-for-special-stock-market-session-on-november-1-samvat-2081-outlook/articleshow/114841502.cms,Business News
"Bibek Debroy, Chairman of PM's Economic Advisory Council & renowned economist, leaves behind a legacy as a thought leader","Renowned economist Bibek Debroy, former Chairman of the Economic Advisory Council to India's Prime Minister, passed away at 69. He led key policy initiatives and had an impressive academic and professional career. His notable work includes translations of the Mahabharata.",2024-11-01T11:51:53+05:30,Times of India,Business,https://timesofindia.indiatimes.com/business/india-business/who-was-bibek-debroy-chairman-of-economic-advisory-council-to-indias-prime-minister-passes-away/articleshow/114838302.cms,Business News
10-year bond yield posts its biggest rise in 6 months,"India's 10-year benchmark government bond yield experienced its largest increase in six months in October, driven by a surge in US Treasury yields. Local yields rose 10 basis points, closing at 6.85%, despite the Reserve Bank of India easing its policy stance to 'neutral'.",2024-11-01T02:07:34+05:30,Times of India,Business,https://timesofindia.indiatimes.com/business/india-business/10-year-bond-yield-posts-its-biggest-rise-in-6-months/articleshow/114826557.cms,Business News
"UPL, promoter Shroff settle Sebi case","United Phosphorus (UPL) and its main promoter Jaidev Shroff settled with Sebi by paying over Rs 20 crore for routing funds to artificially boost UPL's stock price in 2006. The settlement includes disgorgement of unfair gains, interest, and penalty, hence concluding the adjudication process.",2024-11-01T02:05:13+05:30,Times of India,Business,https://timesofindia.indiatimes.com/business/india-business/upl-promoter-shroff-settle-sebi-case/articleshow/114826535.cms,Business News
Rupee ends October near record low amid outflows,"The rupee closed near an all-time low against the dollar, ending at 84.08, with RBI intervention keeping it steady amid US election anxiety. The rupee dipped 0.3% in October, trading between 83.79 and 84.1. With potential Trump win, RBI prepped for sudden outflows, though importers and exporters may overlook rising global risks.",2024-11-01T01:52:48+05:30,Times of India,Business,https://timesofindia.indiatimes.com/business/india-business/rupee-ends-october-near-record-low-amid-outflows/articleshow/114826447.cms,Business News
"Swiggy IPO gets $15 billion bids from Norway's wealth fund, fidelity","Swiggy has received enthusiastic investor interest for its $1.4-billion IPO in India, with bids from big investors like Norges Bank and Fidelity exceeding $15 billion. The IPO, launching next week, has seen its valuation reduced to $11.3 billion due to a recent market correction.",2024-11-01T01:52:23+05:30,Times of India,Business,https://timesofindia.indiatimes.com/business/india-business/swiggy-ipo-gets-15-billion-bids-from-norways-wealth-fund-fidelity/articleshow/114826439.cms,Business News
BPL founder TPG Nambiar passes away,"TPG Nambiar, the visionary founder of BPL and a pioneer in India’s consumer electronics industry, passed away at the age of 95. He established BPL in 1963 and led the company to prominence in the 1980s with high-quality electronic products. Despite its decline in the early 2000s, BPL left a lasting impact in the electronics sector.",2024-11-01T01:21:27+05:30,Times of India,Business,https://timesofindia.indiatimes.com/business/india-business/bpl-founder-tpg-nambiar-passes-away/articleshow/114826156.cms,Business News
"Government rescuing citizens forced into cybercrime in this country, here’s how","Government rescues citizens from cyber fraud in Cambodia, tackles global cybercrime surge. Indian organisations face increased cyberattacks. Palo Alto Networks predicts cybersecurity trends for 2024, emphasizing holistic security approaches.",2024-03-31T19:37:34+05:30,Times of India,Technology,https://timesofindia.indiatimes.com/technology/tech-news/government-rescuing-citizens-forced-into-cybercrime-in-this-country-heres-how/articleshow/108921324.cms,Tech News
"How IPL 2024 may boost TV sales in India, and how it's not surprising","IPL drives TV sales, boosting shipments and preference for online purchases of premium models. QLED TV popularity rises in 2023 despite challenges. Smart TV penetration expected to increase further.",2024-03-29T16:59:01+05:30,Times of India,Technology,https://timesofindia.indiatimes.com/technology/appliances/how-ipl-2024-may-boost-tv-sales-in-india-and-how-its-not-surprising/articleshow/108877292.cms,Tech News
How India's 'national security' concerns has made Apple rework its strategy for iPhones made in India,"Apple is seeking new suppliers, including Indian, Japanese, and South Korean component makers, due to delayed government clearances for imports from existing Chinese suppliers. The company aims to establish ""just-in-time"" supply chains in India to expedite local production of flagship iPhones and iPads. While 14 Chinese companies received initial approvals to set up manufacturing facilities in India, the applications of four companies have been indefinitely delayed.",2023-12-06T17:13:10+05:30,Times of India,Technology,https://timesofindia.indiatimes.com/gadgets-news/how-indias-national-security-concerns-has-made-apple-rework-its-strategy-for-iphones-made-in-india/articleshow/105785529.cms,Tech News
Chromebooks to reportedly get Spatial Audio support soon,"Chromebooks may soon offer a more immersive audio experience with Spatial Audio technology, simulating surround sound for movies, games, and music, making them a compelling choice for multimedia consumption and entertainment.",2024-05-11T13:13:21+05:30,Times of India,Technology,https://timesofindia.indiatimes.com/technology/laptops-pc/chromebooks-to-repeatedly-get-spatial-audio-support-soon/articleshow/110030761.cms,Tech News
"Apple iPhone 7, iPhone 7 Plus price details revealed, goes up to Rs 92,000","The iPhone 7 Plus 32GB, 128GB and 256GB will cost Rs 72,000, Rs 82,000 and Rs 92,000 respectively",2016-09-15T15:01:04+05:30,Times of India,Technology,https://timesofindia.indiatimes.com/tech-news/apple-iphone-7-iphone-7-plus-price-details-revealed-goes-up-to-rs-92000/articleshow/54345770.cms,Tech News
"Apple slashes prices of iPhone 6s and iPhone 6s Plus by up to Rs 22,000","Apple has announced biggest-ever price drop for its smartphones in India. Under the new pricing, iPhone 6S (128GB), carying an MRP of Rs 82,000, will now be available at an MRP of Rs 60,000. iPhone 6s Plus (128GB) will now be available at an MRP of Rs 70,000,  the smartphone too has received a price cut of Rs 22,000. Apple's 4-inch smartphone iPhone SE, too has got a price cut. The 64GB version of iPhone SE will now be available at Rs 44,000.",2016-09-15T12:11:19+05:30,Times of India,Technology,https://timesofindia.indiatimes.com/tech-news/apple-slashes-prices-of-iphone-6s-and-iphone-6s-plus-by-up-to-rs-22000/articleshow/54343205.cms,Tech News
WhatsApp privacy policy challenged in Delhi High Court: 5 things to know,A public interest litigation in the Delhi High Court (HC) challenges the change in WhatsApp's privacy policy.,2016-09-15T09:30:14+05:30,Times of India,Technology,http://timesofindia.indiatimes.com/tech/slideshows/WhatsApp-privacy-policy-challenged-in-Delhi-High-Court-5-things-to-know/itslideshow/54332813.cms,Tech News
Apple iOS 10 surpasses iOS 9 in early adoption in just 24 hours,"iOS 10 reached 14.45% of eligible devices in the first 24 hours of its release. In comparison, iOS 9 was on 12.60% of eligible device within 24 hours of it being released for all users.",2016-09-15T15:55:51+05:30,Times of India,Technology,https://timesofindia.indiatimes.com/tech-news/apple-ios-10-surpasses-ios-9-in-early-adoption-in-just-24-hours/articleshow/54346446.cms,Tech News
Fitbit Charge 2 review: Towards a healthier you,"Fitness tracking wearables maker Fitbit recently launched its Charge 2 and Flex 2 fitness trackers in India. While the Flex 2 is priced at Rs 9,499, the more expensive Charge 2 bears a price tag of Rs 14,999. The new Fitbit Charge 2 has a heart-rate monitor, a feature previously limited to the 'HR' edition of the Charge only. It comes with a touch-sensitive OLED display, as well as a 3-axis accelerometer, an altimeter and a vibration motor. Fitbit Charge 2 syncs with its companion smartphone app over Bluetooth.",2016-09-14T16:12:54+05:30,Times of India,Technology,https://timesofindia.indiatimes.com/reviews/fitbit-charge-2-review-towards-a-healthier-you/articleshow/54328890.cms,Tech News
"Apple iPhone 7, iPhone 7 Plus available for pre-order in India",All those Apple fans out there in India waiting desperately to lay there hands on the next iPhones -- iPhone 7 and iPhone 7 Plus -- can now pre-order the new smartphones.,2016-09-14T11:57:47+05:30,Times of India,Technology,https://timesofindia.indiatimes.com/tech-news/apple-iphone-7-iphone-7-plus-available-for-pre-orders-in-india/articleshow/54324516.cms,Tech News
"Apple CEO Tim Cook on India, Steve Jobs, missteps and more","Apple CEO Tim Cook is a man of few words. In an interview to Washington Post, the usually reticent CEO of one of the world's most valuable company talked about a number of things including the 'enormous India opportunity', Steve Jobs, mistakes made during his tenure so far and much more.",2016-09-14T17:09:22+05:30,Times of India,Technology,http://timesofindia.indiatimes.com/tech/slideshows/Apple-CEO-Tim-Cook-on-India-Steve-Jobs-missteps-and-more/itslideshow/54329607.cms,Tech News
"RCom, Aircel announce merger; create fourth largest telco in India","​Reliance Communications and Aircel will hold 50% stake each in the new combined entity, which will be listed later. Both companies will also transfer debt of Rs 14,000 crore each. As for the net worth of the new company, it’ll be around Rs 35,000 crore.​",2016-09-14T19:13:52+05:30,Times of India,Technology,https://timesofindia.indiatimes.com/tech-news/rcom-aircel-announce-merger-create-fourth-largest-telco-in-india/articleshow/54331909.cms,Tech News
"Android Marshmallow share increases, still stays behind Lollipop","Although a significant increase, Android Marshmallow still lies below Android Lollipop, and Kitkat on the list. As per the latest distribution numbers, Android Lollipop 5.0 and v5.1 together run on 35% Android devices, followed by Android Kitkat 4.4 with a 27.7% share.",2016-09-14T17:44:06+05:30,Times of India,Technology,https://timesofindia.indiatimes.com/tech-news/android-marshmallow-share-increases-still-stays-behind-lollipop/articleshow/54330541.cms,Business News
"Apple watchOS 3, tvOS 10: Top features and download guide","To download watchOS 3, users are recommended to install the latest iOS version and keep the Apple Watch’s minimum charge of up to 50%.",2016-09-14T17:34:21+05:30,Times of India,Technology,https://timesofindia.indiatimes.com/tech-news/apple-watchos-3-tvos-10-top-features-and-download-guide/articleshow/54330329.cms,Tech News
WhatsApp defends its new privacy policy in Delhi High Court,"Instant messaging platform WhatsApp today opposed in Delhi High Court a plea alleging that privacy of its users has been threatened by a new privacy policy announced by Facebook, saying regulations were in place and the latter does not have access to any data as it provides end-to-end encryption.",2016-09-14T21:02:38+05:30,Times of India,Technology,https://timesofindia.indiatimes.com/tech-news/whatsapp-defends-its-new-privacy-policy-in-delhi-high-court/articleshow/54333806.cms,Tech News
Facebook rolls out Discover Groups feature in India,"The feature lets users browse through groups divided into 25 categories such as parenting, sports, food, buy & sell and more. Each topic page highlights the top suggested groups, based on popularity and group members that users might already know.",2016-09-14T18:51:29+05:30,Times of India,Technology,https://timesofindia.indiatimes.com/tech-news/facebook-rolls-out-discover-groups-feature-in-india/articleshow/54331489.cms,Tech News
Motorola Moto E3 Power smartphone to launch in India on September 19,"Lenovo-owned Motorola is all set to launch its latest budget smartphone – Moto E3 Power, in India. The company has confirmed on its social channels that it will be launching the Moto E3 Power at an event scheduled for September 19. The smartphone will be available exclusively on Flipakrt.",2016-09-14T22:42:36+05:30,Times of India,Technology,https://timesofindia.indiatimes.com/tech-news/motorola-moto-e3-power-smartphone-to-launch-in-india-on-september-19/articleshow/54335458.cms,Tech News
Your new gadget is just an EMI away,Financial technology startup Finomena lets you buy high-end products and devices through EMIs without a credit score.,2016-09-14T17:46:39+05:30,Times of India,Technology,https://timesofindia.indiatimes.com/computing/your-new-gadget-is-just-an-emi-away/articleshow/54330637.cms,Tech News
"iOS 10: Ten new features your iPhones, iPads are set to get",Apple's latest mobile operating system -- iOS 10 -- is rolling our to users globally starting today.,2016-09-13T19:47:52+05:30,Times of India,Technology,http://timesofindia.indiatimes.com/tech/slideshows/iOS-10-Ten-news-features-your-iPhones-iPads-are-set-to-get/itslideshow/54313971.cms,Tech News
'Just because he is Virat Kohli ... ': Ex-cricketer's huge comment,"RCB retained Kohli, Patidar, and Dayal for IPL 2025, with Kohli likely resuming captaincy after du Plessis wasn't retained. Former cricketer Sanjay Manjrekar urges fans to objectively analyze Kohli's T20 performances, questioning if he is the right choice for captaincy based on recent performance. During Kohli's previous tenure as captain from 2013 to 2021, RCB reached the finals once in 2016.",2024-11-02T10:49:39+05:30,Times of India,Sports,https://timesofindia.indiatimes.com/sports/cricket/ipl/top-stories/just-because-he-is-virat-kohli-ex-cricketers-huge-comment-on-him-leading-rcb-in-ipl-2025/articleshow/114872367.cms,Sports News
Rishabh Pant surpasses Yashasvi Jaiswal,"Rishabh Pant sets a new record by hitting the fastest Test fifty by an Indian against New Zealand, achieving the mark in just 36 balls on Day 2 of the third Test in Mumbai. Pant’s aggressive 60 off 59 balls, including eight fours and two sixes, helped India recover after early wickets.",2024-11-02T12:20:05+05:30,Times of India,Sports,https://timesofindia.indiatimes.com/sports/cricket/new-zealand-in-india/rishabh-pant-surpasses-yashasvi-jaiswal-smashes-fastest-test-fifty-against-new-zealand/articleshow/114875284.cms,Sports News
Why did KKR not retain Shreyas? CEO explains,"KKR CEO Venky Mysore revealed that Shreyas Iyer was their top retention choice for IPL 2025, but he chose to explore his market value in the auction. This year’s IPL mega auction will feature former captains Shreyas Iyer, Rishabh Pant, and KL Rahul. Heinrich Klaasen emerged as the highest-paid retention at Rs. 23 crores.",2024-11-02T10:46:51+05:30,Times of India,Sports,https://timesofindia.indiatimes.com/sports/cricket/ipl/top-stories/ipl-2025-retentions-kkr-kolkata-knight-riders-shreyas-iyer/articleshow/114871778.cms,Business News
'Gorey ghabra jaate hai': Pak spinner's big comment,"Spinners Noman Ali and Sajid Khan led Pakistan to a commanding nine-wicket win over England in the third Test, securing a 2-1 series victory. The duo exploited the spin-friendly pitch to take a combined 19 wickets, leaving England struggling at 112 in their second innings. Following the Test series win over England, Pakistan is now in Australia to play three ODIs and three T20Is, with the limited-overs series beginning Monday in Melbourne.",2024-11-02T09:57:56+05:30,Times of India,Sports,https://timesofindia.indiatimes.com/sports/cricket/news/pakistan-spinner-sajid-khan-makes-strong-comment-on-england/articleshow/114871046.cms,Sports News
Pakistan captain backs Babar Azam to return stronger,"Pakistan's red-ball captain Shan Masood suggested that Babar Azam, after being dropped from the Test squad and relinquishing his captaincy roles, could benefit from a break to rediscover his form. Masood emphasized Babar’s potential to be one of the greatest Test batsmen and believes this break will make him stronger.",2024-11-02T12:35:56+05:30,Times of India,Sports,https://timesofindia.indiatimes.com/sports/cricket/news/pakistan-captain-shan-masood-backs-babar-azam-to-return-stronger/articleshow/114875652.cms,Sports News
"WTA Finals: Sabalenka, Swiatek chase World No. 1 ranking","Aryna Sabalenka aims to secure the year-end World No. 1 ranking at the WTA Finals in Saudi Arabia, while Iga Swiatek seeks to reclaim the top spot. The event, which starts in Riyadh, has sparked debate due to its location and the human rights concerns in the Middle Eastern country.",2024-11-02T12:33:11+05:30,Times of India,Sports,https://timesofindia.indiatimes.com/sports/tennis/top-stories/wta-finals-2024-riyadh-players-teams-format-prize-money/articleshow/114874140.cms,Tech News
IPL Retentions: Most franchises to go captain-hunting in auction,"The IPL mega auction in Riyadh will see franchises primarily targeting new captains and wicket-keepers like Rishabh Pant, Shreyas Iyer, and KL Rahul. Teams such as Chennai Super Kings, Delhi Capitals, and Punjab Kings are set to be aggressive bidders, with significant focus on securing key players to build their squads.",2024-11-02T06:42:25+05:30,Times of India,Sports,https://timesofindia.indiatimes.com/sports/cricket/ipl/top-stories/ipl-retentions-most-franchises-to-go-captain-hunting-in-auction/articleshow/114866954.cms,Sports News
Ponting’s bold pick for Australia’s opener in BGT,"Former Australia captain Ricky Ponting has chosen Nathan McSweeney over young talent Sam Konstas for the opening spot in the upcoming Border-Gavaskar Trophy against India. Ponting praised McSweeney's experience and recent performance in an unofficial 'Test' match, seeing him as a better fit for the challenging conditions expected in the series.",2024-11-02T11:57:20+05:30,Times of India,Sports,https://timesofindia.indiatimes.com/sports/cricket/news/ricky-pontings-bold-pick-for-australias-opener-in-border-gavaskar-trophy-against-india/articleshow/114874081.cms,Sports News
IPL auction: Ashwin could be on his way back to CSK,"Chennai Super Kings retain key players like Ruturaj Gaikwad and MS Dhoni while having Rs 55 cr left to strategize. They are interested in Rishabh Pant but face competition. A top-order batter, experienced paceman, and potentially returning R Ashwin are on their radar, with Devon Conway as RTM choice.",2024-11-02T07:38:57+05:30,Times of India,Sports,https://timesofindia.indiatimes.com/sports/cricket/ipl/top-stories/ipl-auction-ashwin-could-be-on-his-way-back-to-chennai-super-kings/articleshow/114867707.cms,Sports News
3rd Test: Ravindra Jadeja shows he's still got the chops,"Ravindra Jadeja, overcoming recent struggles, took a remarkable five-wicket haul against New Zealand in the Mumbai Test. This performance, crucial for Jadeja, reinforced his position ahead of the upcoming series against Australia. He credited his improved form to better conditions and continuous support from captain Rohit Sharma, highlighting the importance of slight turn and bounce for his success.",2024-11-02T06:26:15+05:30,Times of India,Sports,https://timesofindia.indiatimes.com/sports/cricket/new-zealand-in-india/india-vs-new-zealand-3rd-test-ravindra-jadeja-shows-hes-still-got-the-chops/articleshow/114866788.cms,Sports News
Why did RCB not retain Faf? IPL franchise explains move,"Faf du Plessis, leading RCB from 2022 to 2024, will enter the IPL mega auction after not being retained. Despite his significant contributions, including leading the team to the IPL playoffs last season, the difficult decision was made by RCB's management to not stick with the former South Africa captain",2024-11-02T09:20:23+05:30,Times of India,Sports,https://timesofindia.indiatimes.com/sports/cricket/ipl/top-stories/ipl-2025-mega-auction-retentions-rcb-faf-du-plessis/articleshow/114870002.cms,Sports News
Australian coach uses Shaw as example against rushing Konstas,"Australian batting coach Neil D'Costa advises selectors against rushing 19-year-old Sam Konstas into Test cricket for the series against India, citing Prithvi Shaw's example. He suggests Konstas should first gain experience in the Sheffield Shield. D'Costa highlights that premature Test debuts could be detrimental, emphasizing the importance of player readiness.",2024-11-02T10:25:10+05:30,Times of India,Sports,https://timesofindia.indiatimes.com/sports/cricket/news/australian-coach-uses-prithvi-shaw-as-cautionary-example-against-rushing-sam-konstas-into-india-test-series/articleshow/114871747.cms,Sports News
"Mayank Yadav's impact was deciding factor, not his injuries: LSG","Lucknow Super Giants retained pacer Mayank Yadav for Rs 11 crore, valuing his potential despite injury setbacks. He impressed with his debut season in 2024, achieving Player of the Match twice, and consistently bowling over 150kph. LSG co-owner Shashwat Goenka emphasizes Yadav's impact on the field and confidence in their bowling squad's resilience.",2024-11-02T07:21:14+05:30,Times of India,Sports,https://timesofindia.indiatimes.com/sports/cricket/ipl/top-stories/mayank-yadavs-impact-was-deciding-factor-not-his-injuries-lucknow-super-giants/articleshow/114867426.cms,Sports News
Ben Stokes likely to be absent from IPL 2025,"Ben Stokes is expected to skip the 2025 IPL mega-auction to focus on his Test career, especially with demanding series against India and Australia on the horizon. Stokes' decision could hint at a return to white-ball cricket under coach Brendon McCullum. His workload management is crucial due to his injury history, as he prioritizes the World Test Championship.",2024-11-02T10:21:44+05:30,Times of India,Sports,https://timesofindia.indiatimes.com/sports/cricket/ipl/top-stories/ben-stokes-likely-to-be-absent-from-ipl-2025/articleshow/114871234.cms,Sports News
Brazil World Cup qualifiers squad: Neymar still out,"Vinicius Jr and Raphinha lead Brazil's squad for upcoming World Cup qualifiers, with Neymar absent as he recovers from a knee injury. The team, named by coach Dorival Jr, prepares to face Venezuela and Uruguay. With Brazil currently fourth in the South American standings, Dorival emphasizes their ongoing process of finding consistency.",2024-11-02T08:28:38+05:30,Times of India,Sports,https://timesofindia.indiatimes.com/sports/football/top-stories/brazil-world-cup-qualifiers-squad-vinicius-jr-raphinha-lead-names-neymar-still-out/articleshow/114868577.cms,Sports News
Ben Stokes' home burglary leads to suspect's arrest,"A burglary occurred at Ben Stokes's home in Castle Eden, County Durham, while he was in Pakistan. A 32-year-old from North Yorkshire was arrested and released on bail. Stokes's family was present but unharmed, though valuable items, including his OBE medal, were stolen. Stokes posted images of the stolen items on social media to aid in the investigation.",2024-11-02T09:13:34+05:30,Times of India,Sports,https://timesofindia.indiatimes.com/sports/off-the-field/ben-stokes-home-burglary-leads-to-arrest-of-suspect/articleshow/114870069.cms,Entertainment News
Amorim reveals 'it was now or never' at Manchester United,"Ruben Amorim has signed a deal until 2027 and will join Manchester United on November 11, becoming the sixth permanent manager since Alex Ferguson retired in 2013. The Portuguese manager had become the hot favourite after Erik ten Hag was sacked following a terrible start to the Premier League season.",2024-11-02T07:39:12+05:30,Times of India,Sports,https://timesofindia.indiatimes.com/top-stories/new-manager-ruben-amorim-reveals-it-was-now-or-never-at-manchester-united/articleshow/114867738.cms,Sports News
3rd Test: India allow NZ back into contest after Jadeja heroics,"India struggled with a sudden collapse, losing three wickets within six runs towards the end of Day 1, leaving them at 86/4 in response to New Zealand's 235. Notable performances from India's spinners Ravindra Jadeja (5/65) and Washington Sundar (4/81) were overshadowed by batting mishaps, including Virat Kohli's run-out and poor shot selections.",2024-11-02T06:00:30+05:30,Times of India,Sports,https://timesofindia.indiatimes.com/sports/cricket/new-zealand-in-india/3rd-test-india-allow-new-zealand-back-into-contest-after-jadeja-heroics/articleshow/114865892.cms,Sports News
"15 minutes, 8 balls, 3 wickets! India lose plot late on Day 1","India initially dominated on the first day against New Zealand with a strong 53-run partnership but then suffered a collapse, losing three wickets in just 8 balls. Late dismissals of Yashasvi Jaiswal, Mohammed Siraj, and Virat Kohli left them at 86 for 4 at stumps, trailing New Zealand by another 149 runs at close of play.",2024-11-01T19:01:12+05:30,Times of India,Sports,https://timesofindia.indiatimes.com/sports/cricket/new-zealand-in-india/15-minutes-8-balls-3-wickets-crazy-scenes-at-wankhede-as-india-lose-plot-late-on-day-1/articleshow/114851112.cms,Sports News
Celeb Endorsements in 2024 US Presidential Election,"As the 2024 US presidential election approaches, Kamala Harris and Donald Trump receive endorsements from various celebrities. Harris is backed by Beyoncé, Eminem, Cher, Usher, and others, emphasizing respect and rights. Trump garners support from Zachary Levi, Kid Rock, Amber Rose, Hulk Hogan, and others, highlighting a return to familiar policies.",2024-11-02T13:06:30+05:30,Times of India,Entertainment,https://timesofindia.indiatimes.com/entertainment/english/hollywood/news/celebrity-endorsements-in-the-2024-us-presidential-election-donal-trump-vs-kamla-harris/articleshow/114876419.cms,Business News
Somy on how Salman was threatened by the underworld,"Asked if during her relationship with Salman in the 1990s, when Dawood Ibrahim's ties to Bollywood were rampant, did she witness or hear any discussions about the don and his connections with the film industry, Somy replied, ""I heard multiple conversations about him, but nobody took Dawood's name directly, nor did anyone speak about Chota Shakeel. People used to call them the Underworld.""",2024-11-02T11:59:39+05:30,Times of India,Entertainment,https://timesofindia.indiatimes.com/entertainment/hindi/bollywood/news/somy-ali-reveals-that-salman-khan-was-threatened-by-the-underworld-over-his-old-landline-phone-she-too-came-under-the-radar/articleshow/114874107.cms,Entertainment News
Singham Again Movie Review: 3.5/5,"Singham Again unleashes a high-octane blend of action and entertainment. Despite some flaws, this actioner roars.",2024-11-01T12:39:54+05:30,Times of India,Entertainment,https://timesofindia.indiatimes.com/entertainment/hindi/movie-reviews/singham-again/movie-review/114840778.cms,Entertainment News
Bhool Bhulaiyaa 3 Movie Review: 3.5/5,BB3 has its share of highs and lows but it delivers what you expect from a Diwali family entertainer.,2024-11-01T11:00:00+05:30,Times of India,Entertainment,https://timesofindia.indiatimes.com/entertainment/hindi/movie-reviews/bhool-bhulaiyaa-3/movie-review/114837280.cms,Entertainment News
"Sania-Shoaib, Sonakshi-Zaheer, Ivrahim-Rasha: Top 5 news","Entertainment highlights include Nora Fatehi revealing she wasn't paid for her hit songs ""Dilbar"" and ""Kamariya."" Anees Bazmee celebrates the success of Bhool Bhulaiyaa 3. Fans find Ibrahim Ali Khan and Rasha Thadani's interaction 'cute.' Sonakshi Sinha enjoys her first Diwali post-marriage with Zaheer Iqbal, and Sania Mirza and Shoaib Malik celebrate son Izhaan's birthday separately.",2024-11-01T19:00:00+05:30,Times of India,Entertainment,https://timesofindia.indiatimes.com/entertainment/hindi/bollywood/news/sania-mirza-shoaib-malik-celebrate-son-izhaans-birthday-separately-sonakshi-sinha-on-celebrating-1st-diwali-post-marriage-with-zaheer-iqbal-to-fans-find-ibrahim-ali-khan-and-rasha-thadani-cute-together-top-5-entertainment-news-of-the-day/articleshow/114850704.cms,Entertainment News
Neena's b'day wish for daughter Masaba is special!,"Masaba Gupta recently welcomed her first baby with husband Satyadeep Misra, and the news received a lot of love and well-wishes from fans and celebrities. Neena Gupta has now revealed that her daughter always wanted a baby girl. She also shared Masaba’s first reaction upon learning it was a girl",2024-11-02T11:37:35+05:30,Times of India,Entertainment,https://timesofindia.indiatimes.com/entertainment/hindi/bollywood/news/neena-guptas-birthday-wish-for-daughter-masaba-gupta-is-special-for-this-reason/articleshow/114873604.cms,Entertainment News
Hrithik celebrates girlfriend Saba Azad's birthday,"On November 1, Saba Azad celebrated her 39th birthday, marked by a heartfelt Instagram post from Hrithik Roshan featuring joyful moments together. Following his tribute, celebrities like Sussanne Khan and Zayed Khan shared their wishes. Hrithik also celebrated Diwali with family while filming War 2, and Saba is working on Who’s Your Gynac?.",2024-11-02T11:27:06+05:30,Times of India,Entertainment,https://timesofindia.indiatimes.com/entertainment/hindi/bollywood/news/hrithik-roshan-celebrates-girlfriend-saba-azads-birthday-with-a-heartfelt-post/articleshow/114873322.cms,Entertainment News
Celebs at Rani Mukerji's Diwali party - Pics,Diwali celebration is going on in full swing in B-Town. Recently Rani Mukerji hosted her Diwali party in the city and the guest list was packed with several stars,2024-11-02T08:16:29+05:30,Times of India,Entertainment,https://timesofindia.indiatimes.com/entertainment/hindi/web-stories/suhana-khan-karan-johar-agastya-nanda-and-others-attend-rani-mukerjis-diwali-party-pics/photostory/114868194.cms,Entertainment News
When SRK bashed celebs who left their partners,"Decades back, the Badshah of Bollywood, in younger years, stated that those celebrities who abandon their wives in their pursuit of stardom have no business shining so brightly. And that was long before his incredible run to the top as an actor with unmatched performances and gentle grace",2024-11-02T11:18:50+05:30,Times of India,Entertainment,https://timesofindia.indiatimes.com/entertainment/hindi/bollywood/news/birthday-throwback-when-shah-rukh-khan-bashed-celebrities-who-left-their-girlfriends-and-wives-for-stardom/articleshow/114873067.cms,Business News
Taylor's NFL coverage make other player's wife jealous?,"Kelly Stanford, wife of Rams quarterback Matthew Stafford, voiced her frustration over the extensive media coverage of Taylor Swift and Travis Kelce’s relationship during Chiefs' games last NFL season, feeling it overshadowed the players’ efforts. However, she appreciated Swift for drawing more women and young girls to football, enhancing her daughters' interest in the sport.",2024-11-02T09:43:08+05:30,Times of India,Entertainment,https://timesofindia.indiatimes.com/entertainment/english/music/news/wife-of-rams-quarterback-kelly-stafford-expresses-she-was-tired-of-taylor-swift-being-the-focus-at-the-chiefs-games/articleshow/114870733.cms,Sports News
Selena reacts to a fan's request to chant 'Jai Shri Ram',"A video featuring Selena Gomez interacting with an Indian fan who asked her to chant 'Jai Shri Ram' is gaining popularity online. Though the request wasn't fulfilled, Selena responded sweetly and hugged the fan. The interaction took place during the Cannes Film Festival.",2024-11-02T06:45:57+05:30,Times of India,Entertainment,https://timesofindia.indiatimes.com/entertainment/english/hollywood/news/watch-selena-gomez-reacts-to-an-indian-fans-request-to-chant-jai-shri-ram-in-a-viral-video/articleshow/114866997.cms,Entertainment News
When DP shared struggle of feeding Dua with a funny clip,"Deepika Padukone updated her Instagram bio to reflect her new life after the birth of daughter Dua Padukone Singh. She humorously shared a video about the challenges of feeding newborns. Deepika and Ranveer Singh announced Dua's birth on September 8, 2024. They recently shared a Diwali post showing their baby girl's feet and revealed her name.",2024-11-02T10:27:37+05:30,Times of India,Entertainment,https://timesofindia.indiatimes.com/entertainment/hindi/bollywood/news/when-deepika-padukone-shared-the-struggle-of-feeding-her-daughter-dua-padukone-singh-through-a-hilarious-video/articleshow/114871664.cms,Entertainment News
Bhool Bhulaiyaa 3: Kartik hits big with Rs.35.50 cr,"Bhool Bhulaiyaa 3, starring Kartik Aaryan and directed by Anees Bazmee, surpasses expectations by earning Rs 35.50 crore on its opening day, marking Aaryan's and Bazmee's biggest opening to date. The film's success is attributed to a strong reception despite competition from 'Singham Again.'",2024-11-02T06:05:44+05:30,Times of India,Entertainment,https://timesofindia.indiatimes.com/entertainment/hindi/bollywood/box-office/bhool-bhulaiyaa-3-box-office-day-1-kartik-aaryan-gets-his-biggest-opener-as-the-movie-makes-over-rs-35-crore/articleshow/114866449.cms,Entertainment News
Singham Again: Ajay's best-ever opening with Rs.43.50 cr,"Rohit Shetty's 'Singham Again,' starring Ajay Devgn, Kareena Kapoor Khan, and more, had a record-breaking opening day this Diwali with Rs 43.50 crore, surpassing 'Singham Returns.' Clashing with 'Bhool Bhulaiyaa 3,' both films ignited the box office with phenomenal first-day collections.",2024-11-02T05:25:06+05:30,Times of India,Entertainment,https://timesofindia.indiatimes.com/entertainment/hindi/bollywood/box-office/singham-again-box-office-day-1-ajay-devgn-ranveer-singh-deepika-padukone-and-more-makes-over-rs-43-crore-on-its-opening-day/articleshow/114865533.cms,Entertainment News
'Ek Tha Tiger' to 'Robot': Hit movies rejected by SRK,"Salman Khan's 'Ek Tha Tiger', Aamir Khan's '3 idiots', Rajinikanth's 'Robot': Hit movies rejected by Shah Rukh Khan",2024-11-01T23:55:55+05:30,Times of India,Entertainment,https://timesofindia.indiatimes.com/entertainment/hindi/bollywood/news/salman-khans-ek-tha-tiger-aamir-khans-3-idiots-rajinikanths-robot-hit-movies-rejected-by-shah-rukh-khan/photostory/114859061.cms,Entertainment News
Video of SRK from jewellery store in UAE goes viral,"During his visit to a UAE jewellery store, Shah Rukh Khan charmed fans with a kind gesture captured on CCTV. He acknowledged a staff member warmly while his wife, Gauri Khan, browsed jewellery. The video, shared on social media, quickly went viral, highlighting Shah Rukh's humble nature.",2024-11-02T01:46:56+05:30,Times of India,Entertainment,https://timesofindia.indiatimes.com/entertainment/hindi/bollywood/news/video-of-shah-rukh-khans-sweet-encounter-with-jewellery-store-staff-goes-viral-fans-react/articleshow/114861177.cms,Entertainment News
"Ranbir, Alia, Raha step out in matching ethnic outfits","Diwali 2024: Ranbir Kapoor and Alia Bhatt with their cute daughter Raha were spotted wearing matching ethnic attire outside their residence, where they posed for the cameras.",2024-11-01T20:13:23+05:30,Times of India,Entertainment,https://timesofindia.indiatimes.com/entertainment/hindi/web-stories/ranbir-kapoor-alia-bhatt-and-raha-step-out-in-matching-ethnic-outfitsondiwali/photostory/114853905.cms,Entertainment News
Vicky and Katrina's Diwali glow wins the internet,"Bollywood celebrities were wishing their fans and followers a beautiful Diwali by sharing colorful pictures from their family gatherings and celebrations at home. Finally, one of the most respected couples in showbiz, Vicky Kaushal and Katrina Kaif, treated their fans to a mesmerizing couple's picture together.",2024-11-02T01:58:14+05:30,Times of India,Entertainment,https://timesofindia.indiatimes.com/entertainment/hindi/bollywood/news/vicky-kaushal-and-katrina-kaifs-diwali-glow-wins-the-internet-shraddha-kapoor-reacts/articleshow/114861349.cms,Entertainment News
